[
  {
    "filename": "alpha_report.txt",
    "metadata": [
      {
        "taxonomy": "Project Alpha Financial Report 2024",
        "taxonomy-uri": "http://example.com/alpha",
        "taxonomy-hierarchy": "Finance > Projects > Alpha",
        "text": "Alpha Project Budget Details",
        "node": "root"
      }
    ]
  },
  {
    "filename": "beta_report.txt",
    "metadata": [
      {
        "taxonomy": "Project Beta Technical Specification",
        "taxonomy-uri": "http://example.com/beta",
        "taxonomy-hierarchy": "Engineering > Specs > Beta",
        "text": "Beta Project Technical Specs",
        "node": "root"
      }
    ]
  }
]
